"Edit","Select Next Element","⌃⇧→","Editing in Structured Text Editors","org.eclipse.wst.sse.ui.structure.select.next"
"Navigate","Go To Previous Unread Task","⌥↑","In Tasks View","org.eclipse.mylyn.tasks.ui.command.goToPreviousUnread"
"Run/Debug","Coverage TestNG Suite","⌥⇧E G","In Windows","org.eclipse.eclemma.ui.testNgSuiteShortcut.coverage"
"Run/Debug","Previous Page of Memory","⇧⌘,","In Table Memory Rendering","org.eclipse.debug.ui.command.prevpage"
"Text Editing","Expand","⌘Numpad_Add","Editing Text","org.eclipse.ui.edit.text.folding.expand"
"Task Repositories","New Subtask","⇧Insert","In Tasks View","org.eclipse.mylyn.tasks.ui.command.new.subtask"
"Focused UI","Focus on Active Task","⌥⇧H","In Windows","org.eclipse.mylyn.context.ui.commands.toggle.focus.active.view"
"Edit","Toggle Block Selection","⌥⌘A","Editing Text","org.eclipse.ui.edit.text.toggleBlockSelectionMode"
"Uncategorized","Find References","⇧⌘G","in Generic Code Editor","org.eclipse.ui.genericeditor.findReferences"
"Task Repositories","Mark Task Read","⌥⇧R","In Tasks View","org.eclipse.mylyn.tasks.ui.command.markTaskRead"
"Text Editing","Toggle Overwrite","Insert","Editing Text","org.eclipse.ui.edit.text.toggleOverwrite"
"Text Editing","Collapse All","⇧⌘Numpad_Divide","Editing Text","org.eclipse.ui.edit.text.folding.collapse_all"
"Run/Debug","Run to Line","⌘R","Debugging","org.eclipse.debug.ui.commands.RunToLine"
"Source","Toggle Comment","⌘/","Editing Properties Files","org.eclipse.jdt.ui.edit.text.java.toggle.comment"
"Navigate","Open Attached Javadoc","⇧F2","In Windows","org.eclipse.jdt.ui.edit.text.java.open.external.javadoc"
"Run/Debug","Step Into Selection","⌥F5","Debugging","org.eclipse.jdt.debug.ui.commands.StepIntoSelection"
"Text Editing","Delete Next Word","⌥⌦","Editing Text","org.eclipse.ui.edit.text.deleteNextWord"
"Window","Next Editor","⌘F6","In Windows","org.eclipse.ui.window.nextEditor"
"Source","Toggle Mark Occurrences","⌥⌘O","Editing Java Source","org.eclipse.jdt.ui.edit.text.java.toggleMarkOccurrences"
"Window","Select Maven Profiles","⌃⌥P","In Windows","org.eclipse.m2e.profiles.ui.commands.selectMavenProfileCommand"
"Task Repositories","Show Tooltip Description","F4","In Tasks View","org.eclipse.mylyn.tasks.ui.command.showToolTip"
"Run/Debug","Debug Java Applet","⌃⌥⌘D A","In Windows","org.eclipse.jdt.debug.ui.javaAppletShortcut.debug"
"Search","References in Workspace","⇧⌘G","In Windows","org.eclipse.jdt.ui.edit.text.java.search.references.in.workspace"
"Git","Paste Repository Path or URI","⌘V","In Git Repositories View","org.eclipse.egit.ui.RepositoriesViewPaste"
"Source","Organize Imports","⇧⌘O","In Windows","org.eclipse.jdt.ui.edit.text.java.organize.imports"
"Navigate","Next","⌘.","In Windows","org.eclipse.ui.navigate.next"
"Run/Debug","Coverage TestNG Test","⌥⇧E N","In Windows","org.eclipse.eclemma.ui.testNgShortcut.coverage"
"Edit","Next Sibling","⌃⇧↓","Editing in Structured Text Editors","org.eclipse.wst.xml.ui.nextSibling"
"Edit","Previous Sibling","⌃⇧↑","Editing in Structured Text Editors","org.eclipse.wst.xml.ui.previousSibling"
"Navigate","Open Type Hierarchy","F4","In Windows","org.eclipse.jdt.ui.edit.text.java.open.type.hierarchy"
"Source","Add Import","⇧⌘M","Editing Java Source","org.eclipse.jdt.ui.edit.text.java.add.import"
"Views","Show View (Package Explorer)","⌥⌘Q P","In Windows","org.eclipse.ui.views.showView"
"Edit","Matching Tag","⌃⇧.","Editing in Structured Text Editors","org.eclipse.wst.xml.ui.gotoMatchingTag"
"Text Editing","Show Tooltip Description","F2","Editing Text","org.eclipse.ui.edit.text.showInformation"
"Navigate","Search Repository for Task","⇧⌘F12","In Windows","org.eclipse.mylyn.tasks.ui.command.searchForTask"
"Text Editing","Text End","⌘↘","Editing Text","org.eclipse.ui.edit.text.goto.textEnd"
"Run/Debug","Coverage Java Application","⌥⇧E J","In Windows","org.eclipse.eclemma.ui.localJavaShortcut.coverage"
"Edit","Cut","⌘X","In Dialogs and Windows","org.eclipse.ui.edit.cut"
"Window","Activate Editor","⌘F12","In Windows","org.eclipse.ui.window.activateEditor"
"Refactor - Java","Extract Local Variable","⌥⌘L","In Windows","org.eclipse.jdt.ui.edit.text.java.extract.local.variable"
"Views","Show View (Outline)","⌥⌘Q O","In Windows","org.eclipse.ui.views.showView"
"File","Close All","⇧⌘W","In Windows","org.eclipse.ui.file.closeAll"
"Edit","Matching Tag","⇧⌘>","Editing in Structured Text Editors","org.eclipse.wst.xml.ui.gotoMatchingTag"
"Source","Toggle Ant Mark Occurrences","⌥⌘O","Editing Ant Buildfiles","org.eclipse.ant.ui.toggleMarkOccurrences"
"Text Editing","Delete to End of Line","⇧⌘⌦","Editing Text","org.eclipse.ui.edit.text.delete.line.to.end"
"Edit","Incremental Find","⌘J","Editing Text","org.eclipse.ui.edit.findIncremental"
"Edit","Undo","⌘Z","In Dialogs and Windows","org.eclipse.ui.edit.undo"
"Source","Quick Assist - Assign to local variable","⌘2 L","Editing Java Source","org.eclipse.jdt.ui.correction.assignToLocal.assist"
"Run/Debug","Step Into","F5","Debugging","org.eclipse.debug.ui.commands.StepInto"
"Text Editing","Zoom Out","⌘-","Editing Text","org.eclipse.ui.edit.text.zoomOut"
"Git","Copy Path to Clipboard","⌘C","In Git Repositories View","org.eclipse.egit.ui.RepositoriesViewCopyPath"
"Run/Debug","Debug","⌘F11","In Windows","org.eclipse.debug.ui.commands.DebugLast"
"Window","Previous View","⇧⌘F7","In Windows","org.eclipse.ui.window.previousView"
"Navigate","Last Edit Location","⌃Q","In Windows","org.eclipse.ui.edit.text.gotoLastEditPosition"
"Edit","Word Completion","⌃.","Editing Text","org.eclipse.ui.edit.text.hippieCompletion"
"Run/Debug","Coverage JUnit Plug-in Test","⌥⇧E P","In Windows","org.eclipse.eclemma.ui.junitPluginShortcut.coverage"
"Edit","Restore Last Selection","⌥⇧↓","Editing in Structured Text Editors","org.eclipse.wst.sse.ui.structure.select.last"
"Run/Debug","Run JUnit Test","⌥⌘X T","In Windows","org.eclipse.jdt.junit.junitShortcut.run"
"Edit","Previous Sibling","⇧⌘↑","Editing in Structured Text Editors","org.eclipse.wst.xml.ui.previousSibling"
"Task Editor","Submit Task","⌥⇧S","In Tasks Editor","org.eclipse.mylyn.tasks.ui.command.submitTask"
"Edit","Select Next Element","⌃⇧↘","Editing Java Source","org.eclipse.jdt.ui.edit.text.java.select.next"
"Uncategorized","Show Markup Cheat Sheet","F1","WikiText Markup Source Context","org.eclipse.mylyn.wikitext.ui.editor.showCheatSheetCommand"
"Window","Toggle Full Screen","⌃⌘F","In Windows","org.eclipse.ui.cocoa.fullscreenWindow"
"Run/Debug","Run Java Applet","⌥⌘X A","In Windows","org.eclipse.jdt.debug.ui.javaAppletShortcut.run"
"Task Repositories","New Subtask","⌥⇧N","In Tasks View","org.eclipse.mylyn.tasks.ui.command.new.subtask"
"Text Editing","Open Hyperlink","F3","in Generic Code Editor","org.eclipse.ui.edit.text.open.hyperlink"
"Source","Annotate Class File","⌘1","Browsing attached Java Source","org.eclipse.jdt.ui.edit.text.java.annotate.classFile"
"Edit","Add Block Comment","⌘/","Editing in Structured Text Editors","org.eclipse.wst.sse.ui.add.block.comment"
"Navigate","Backward History","⌥⌘←","In Windows","org.eclipse.ui.navigate.backwardHistory"
"Navigate","Open Call Hierarchy","⌃⌥H","In Windows","org.eclipse.jdt.ui.edit.text.java.open.call.hierarchy"
"Run/Debug","Resume","F8","Debugging","org.eclipse.debug.ui.commands.Resume"
"Run/Debug","Run Ant Build","⌥⌘X Q","In Windows","org.eclipse.ant.ui.antShortcut.run"
"Navigate","Previous Sub-Tab","⌥⇞","In Dialogs and Windows","org.eclipse.ui.navigate.previousSubTab"
"Text Editing","To Upper Case","⇧⌘X","Editing Text","org.eclipse.ui.edit.text.upperCase"
"Views","Show View (Task List)","⌥⌘Q K","In Windows","org.eclipse.ui.views.showView"
"Navigate","Quick Outline","⌘O","Editing in Structured Text Editors","org.eclipse.wst.sse.ui.quick_outline"
"Run/Debug","Coverage Eclipse Application","⌥⇧E E","In Windows","org.eclipse.eclemma.ui.workbenchShortcut.coverage"
"Text Editing","Insert Line Above Current Line","⇧⌘↩","Editing Text","org.eclipse.ui.edit.text.smartEnterInverse"
"Edit","Remove Block Comment","⌘\","Editing in Structured Text Editors","org.eclipse.wst.sse.ui.remove.block.comment"
"Edit","Select Enclosing Element","⌥⇧↑","Editing in Structured Text Editors","org.eclipse.wst.sse.ui.structure.select.enclosing"
"Navigate","Open Task","⌥⌘F12","In Windows","org.eclipse.mylyn.tasks.ui.command.openTask"
"Window","Show Contributing Plug-in","⌥⇧F3","In Dialogs and Windows","org.eclipse.ui.window.spy"
"Run/Debug","EOF","⌃D","In I/O Console","org.eclipse.debug.ui.commands.eof"
"Navigate","Open Structure","⌘F3","Editing Java Source","org.eclipse.jdt.ui.navigate.java.open.structure"
"Text Editing","Text Start","⌘↖","Editing Text","org.eclipse.ui.edit.text.goto.textStart"
"Navigate","Backward History","⌘[","In Windows","org.eclipse.ui.navigate.backwardHistory"
"Run/Debug","Toggle Breakpoint","⇧⌘B","In Windows","org.eclipse.debug.ui.commands.ToggleBreakpoint"
"Edit","Select Previous Element","⌃⇧←","Editing in Structured Text Editors","org.eclipse.wst.sse.ui.structure.select.previous"
"Run/Debug","Java Breakpoint Properties","⌥↩","In Breakpoints View","org.eclipse.jdt.debug.ui.breakpoint.properties"
"Navigate","Next Sub-Tab","⌥⇟","In Dialogs and Windows","org.eclipse.ui.navigate.nextSubTab"
"Edit","Select All","⌘A","In Dialogs and Windows","org.eclipse.ui.edit.selectAll"
"Edit","Copy","⌘C","In Dialogs and Windows","org.eclipse.ui.edit.copy"
"Task Repositories","New Local Task","Insert","In Tasks View","org.eclipse.mylyn.tasks.ui.command.new.local.task"
"Run/Debug","Toggle Memory Monitors Pane","⌘T","In Memory View","org.eclipse.debug.ui.commands.toggleMemoryMonitorsPane"
"Refactor - Java","Change Method Signature","⌥⌘C","In Windows","org.eclipse.jdt.ui.edit.text.java.modify.method.parameters"
"Text Editing","Delete Line","⌘D","Editing Text","org.eclipse.ui.edit.text.delete.line"
"Source","Quick Assist - Extract method","⌘2 M","Editing Java Source","org.eclipse.jdt.ui.correction.extractMethodInplace.assist"
"Refactor - Java","Rename - Refactoring ","⌥⌘R","In Windows","org.eclipse.jdt.ui.edit.text.java.rename.element"
"Task Repositories","New Local Task","⌥N","In Tasks View","org.eclipse.mylyn.tasks.ui.command.new.local.task"
"Run/Debug","Terminate","⌘F2","Debugging","org.eclipse.debug.ui.commands.Terminate"
"Edit","Find Previous","⇧⌘K","Editing Text","org.eclipse.ui.edit.findPrevious"
"Run/Debug","Close Rendering","⌘W","In Memory View","org.eclipse.debug.ui.commands.closeRendering"
"Git","Commit...","⌥⌘3","In Windows","org.eclipse.egit.ui.team.Commit"
"Edit","Quick Diff Toggle","⌃⇧Q","Editing Text","org.eclipse.quickdiff.toggle"
"Text Editing","Select Text End","⇧↘","Editing Text","org.eclipse.ui.edit.text.select.textEnd"
"Refactor - Java","Show Refactor Quick Menu","⌥⌘T","In Windows","org.eclipse.jdt.ui.edit.text.java.refactor.quickMenu"
"Source","Toggle Comment","⌘7","Editing Java Source","org.eclipse.jdt.ui.edit.text.java.toggle.comment"
"Navigate","Next Tab","⌃⇟","In Dialogs and Windows","org.eclipse.ui.navigate.nextTab"
"File","Save","⌘S","In Windows","org.eclipse.ui.file.save"
"Navigate","Quick Outline","⇧⌘O","Task Markup Editor Source Context","org.eclipse.mylyn.wikitext.ui.quickOutlineCommand"
"Run/Debug","Coverage RAP JUnit Test","⌥⇧E R","In Windows","org.eclipse.eclemma.ui.junitRAPShortcut.coverage"
"Run/Debug","Coverage JUnit Test","⌥⇧E T","In Windows","org.eclipse.eclemma.ui.junitShortcut.coverage"
"Window","Show Key Assist","⇧⌘L","In Dialogs and Windows","org.eclipse.ui.window.showKeyAssist"
"Source","Remove Block Comment","⌃⌘\","Editing Java Source","org.eclipse.jdt.ui.edit.text.java.remove.block.comment"
"Views","Show View (Cheat Sheets)","⌥⌘Q H","In Windows","org.eclipse.ui.views.showView"
"Navigate","Forward History","⌘]","In Windows","org.eclipse.ui.navigate.forwardHistory"
"Navigate","Next Page","⌥F7","In Windows","org.eclipse.ui.part.nextPage"
"Refactor - Java","Inline","⌥⌘I","In Windows","org.eclipse.jdt.ui.edit.text.java.inline"
"Run/Debug","Next Memory Monitor","⌥⌘N","In Memory View","org.eclipse.debug.ui.commands.nextMemoryBlock"
"Run/Debug","Add Memory Block","⌥⌘M","In Memory View","org.eclipse.debug.ui.commands.addMemoryMonitor"
"Navigate","Open Maven POM","⌥⇧P","In Windows","org.eclipse.m2e.core.ui.command.openPom"
"Views","Show View (Console)","⌥⌘Q C","In Windows","org.eclipse.ui.views.showView"
"Views","Show View (Variables)","⌥⌘Q V","In Windows","org.eclipse.ui.views.showView"
"Task Repositories","Open Selected Task","⌘↩","In Tasks View","org.eclipse.mylyn.tasks.ui.command.openSelectedTask"
"Source","Show Source Quick Menu","⌥⌘S","In Windows","org.eclipse.jdt.ui.edit.text.java.source.quickMenu"
"Navigate","Show In Breadcrumb","⌥⌘B","Editing Java Source","org.eclipse.jdt.ui.edit.text.java.gotoBreadcrumb"
"Focused UI","Show Context Quick View","⌥⇧⌘→","In Windows","org.eclipse.mylyn.context.ui.commands.open.context.dialog"
"Source","Add Block Comment","⌃⌘/","Editing Java Source","org.eclipse.jdt.ui.edit.text.java.add.block.comment"
"Source","Quick Assist - Assign to field","⌘2 F","Editing Java Source","org.eclipse.jdt.ui.correction.assignToField.assist"
"View","Zoom Out","⌘-","In Windows","org.eclipse.gef.zoom_out"
"Run/Debug","All Instances","⇧⌘N","In Windows","org.eclipse.jdt.debug.ui.commands.AllInstances"
"Edit","Find Next","⌘K","Editing Text","org.eclipse.ui.edit.findNext"
"Navigate","Activate Task","⌘F9","In Windows","org.eclipse.mylyn.tasks.ui.command.activateTask"
"Text Editing","Expand All","⌘Numpad_Multiply","Editing Text","org.eclipse.ui.edit.text.folding.expand_all"
"Navigate","Matching Character","⇧⌘P","Editing in Structured Text Editors","org.eclipse.wst.sse.ui.goto.matching.bracket"
"Navigate","Show In...","⌥⌘W","In Windows","org.eclipse.ui.navigate.showInQuickMenu"
"Navigate","Previous","⇧⌘.","In Windows","org.eclipse.ui.navigate.previous"
"Run/Debug","Debug JUnit Test","⌃⌥⌘D T","In Windows","org.eclipse.jdt.junit.junitShortcut.debug"
"Navigate","Previous Page","⌥⇧F7","In Windows","org.eclipse.ui.part.previousPage"
"Text Editing","Text Start","↖","Editing Text","org.eclipse.ui.edit.text.goto.textStart"
"Window","Show Ruler Context Menu","⌘F10","Editing Text","org.eclipse.ui.edit.text.showRulerContextMenu"
"Navigate","Go to Next Member","⌃⌥↓","Editing Java Source","org.eclipse.jdt.ui.edit.text.java.goto.next.member"
"Navigate","Quick Outline","⌘O","Editing Java Source","org.eclipse.jdt.ui.edit.text.java.show.outline"
"Task Repositories","Mark Task Unread","⌥⇧U","In Tasks Editor","org.eclipse.mylyn.tasks.ui.command.markTaskUnread"
"Text Editing","Text End","↘","Editing Text","org.eclipse.ui.edit.text.goto.textEnd"
"Edit","Toggle Comment","⇧⌘C","Editing in Structured Text Editors","org.eclipse.wst.sse.ui.toggle.comment"
"Run/Debug","Run Java Application","⌥⌘X J","In Windows","org.eclipse.jdt.debug.ui.localJavaShortcut.run"
"Source","Correct Indentation","⌘I","Editing Java Source","org.eclipse.jdt.ui.edit.text.java.indent"
"Source","Open External Documentation","⇧F2","Editing Ant Buildfiles","org.eclipse.ant.ui.openExternalDoc"
"Source","Toggle Comment","⌘7","Editing Properties Files","org.eclipse.jdt.ui.edit.text.java.toggle.comment"
"Views","Show View (Declaration)","⌥⌘Q D","In Windows","org.eclipse.ui.views.showView"
"Text Editing","Zoom In","⌘=","Editing Text","org.eclipse.ui.edit.text.zoomIn"
"Navigate","Go to Matching Bracket","⇧⌘P","Editing Java Source","org.eclipse.jdt.ui.edit.text.java.goto.matching.bracket"
"File","Properties","⌘I","In Windows","org.eclipse.ui.file.properties"
"Window","Close Dialog","⌘W","In Dialogs","org.eclipse.ui.cocoa.closeDialog"
"Window","Next Perspective","⌘F8","In Windows","org.eclipse.ui.window.nextPerspective"
"Source","Open Declaration","F3","Editing Ant Buildfiles","org.eclipse.ant.ui.open.declaration.command"
"Edit","Content Assist","⇧Tab","In Dialogs and Windows","org.eclipse.ui.edit.text.contentAssist.proposals"
"Task Repositories","Mark Task Complete","⌥⇧C","In Tasks Editor","org.eclipse.mylyn.tasks.ui.command.markTaskComplete"
"File","Refresh","F5","In Windows","org.eclipse.ui.file.refresh"
"Edit","Find and Replace","⌘F","In Windows","org.eclipse.ui.edit.findReplace"
"Window","Quick Access","⌘3","In Windows","org.eclipse.ui.window.quickAccess"
"Source","Format","⇧⌘F","Editing Java Source","org.eclipse.jdt.ui.edit.text.java.format"
"Navigate","Forward History","⌥⌘→","In Windows","org.eclipse.ui.navigate.forwardHistory"
"Views","Show View (Javadoc)","⌥⌘Q J","In Windows","org.eclipse.ui.views.showView"
"Navigate","Expand All","⇧⌘Numpad_Multiply","In Windows","org.eclipse.ui.navigate.expandAll"
"Navigate","Collapse All","⇧⌘Numpad_Divide","In Windows","org.eclipse.ui.navigate.collapseAll"
"Run/Debug","Execute","⌘U","In Windows","org.eclipse.jdt.debug.ui.commands.Execute"
"Source","Format","⇧⌘F","Editing Ant Buildfiles","org.eclipse.jdt.ui.edit.text.java.format"
"File","Print","⌘P","In Windows","org.eclipse.ui.file.print"
"Source","Remove Block Comment","⇧⌘\","Editing Java Source","org.eclipse.jdt.ui.edit.text.java.remove.block.comment"
"Source","Snipmatch Snippet Completion","⌃⌥Space","Editing Text","org.eclipse.recommenders.snipmatch.rcp.commands.completion"
"Source","Toggle Comment","⇧⌘C","Editing Java Source","org.eclipse.jdt.ui.edit.text.java.toggle.comment"
"Navigate","Open Remote Task","⌥⇧⌘F12","In Windows","org.eclipse.mylyn.tasks.ui.command.openRemoteTask"
"Edit","Quick Fix","⌘1","In Dialogs and Windows","org.eclipse.jdt.ui.edit.text.java.correction.assist.proposals"
"Run/Debug","Force Return","⌥⌘F","In Windows","org.eclipse.jdt.debug.ui.commands.ForceReturn"
"Task Repositories","Mark Task Read and Go To Previous Unread Task","⌥⇧↑","In Tasks View","org.eclipse.mylyn.tasks.ui.command.markTaskReadGoToPreviousUnread"
"Refactor - Java","Move - Refactoring ","⌥⌘V","In Windows","org.eclipse.jdt.ui.edit.text.java.move.element"
"Text Editing","Insert Line Below Current Line","⇧↩","Editing Text","org.eclipse.ui.edit.text.smartEnter"
"Window","Update Project","⌥F5","In Windows","org.eclipse.m2e.core.ui.command.updateProject"
"Edit","Incremental Find Reverse","⇧⌘J","Editing Text","org.eclipse.ui.edit.findIncrementalReverse"
"Project","Build All","⌘B","In Windows","org.eclipse.ui.project.buildAll"
"Edit","Format","⇧⌘F","Editing in Structured Text Editors","org.eclipse.wst.sse.ui.format.document"
"Navigate","Open from Clipboard","⇧⌘V","In Windows","org.eclipse.jdt.debug.ui.command.OpenFromClipboard"
"Edit","Add Maven Dependency","⌃⇧D","Editing XML Source","org.eclipse.m2e.core.ui.command.addDependency"
"Window","Show Context Menu","⇧F10","In Dialogs and Windows","org.eclipse.ui.window.showContextMenu"
"Views","Show View (Type Hierarchy)","⌥⌘Q T","In Windows","org.eclipse.ui.views.showView"
"Views","Show View (History)","⌥⌘Q Z","In Windows","org.eclipse.ui.views.showView"
"Edit","Select Enclosing Element","⌃⇧⇞","Editing Java Source","org.eclipse.jdt.ui.edit.text.java.select.enclosing"
"Views","Show View (Search)","⌥⌘Q S","In Windows","org.eclipse.ui.views.showView"
"Run/Debug","Run Gradle Test","⌥⌘X G","In Windows","org.eclipse.buildship.ui.shortcut.test.run"
"Edit","Open Selection","F3","Editing in Structured Text Editors","org.eclipse.wst.sse.ui.open.file.from.source"
"Navigate","Open Declaration","F3","In Windows","org.eclipse.jdt.ui.edit.text.java.open.editor"
"Task Repositories","Mark Task Unread","⌥⇧U","In Tasks View","org.eclipse.mylyn.tasks.ui.command.markTaskUnread"
"Run/Debug","Run","⇧⌘F11","In Windows","org.eclipse.debug.ui.commands.RunLast"
"Text Editing","Select Next Word","⌥⇧→","Editing Text","org.eclipse.ui.edit.text.select.wordNext"
"Edit","Toggle Word Wrap","⌥⌘Y","Editing Text","org.eclipse.ui.edit.text.toggleWordWrap"
"Run/Debug","Next Page of Memory","⇧⌘.","In Table Memory Rendering","org.eclipse.debug.ui.command.nextpage"
"Window","Toggle Split Editor (Horizontal)","⇧⌘-","In Windows","org.eclipse.ui.window.splitEditor"
"Text Editing","Delete Previous Word","⌥⌫","Editing Text","org.eclipse.ui.edit.text.deletePreviousWord"
"Run/Debug","Coverage SWTBot Test","⌥⇧E S","In Windows","org.eclipse.eclemma.ui.swtBotJunitShortcut.coverage"
"Task Repositories","Quick Outline","⌘O","In Tasks Editor","org.eclipse.mylyn.task.ui.editor.QuickOutline"
"Window","Previous Editor","⇧⌘F6","In Windows","org.eclipse.ui.window.previousEditor"
"Search","Open Search Dialog","⌃H","In Windows","org.eclipse.search.ui.openSearchDialog"
"File","New menu","⌥⌘N","In Windows","org.eclipse.ui.file.newQuickMenu"
"File","Properties","⌥↩","In Windows","org.eclipse.ui.file.properties"
"File","New","⌘N","In Windows","org.eclipse.ui.newWizard"
"Search","Declaration in Workspace","⌘G","In Windows","org.eclipse.jdt.ui.edit.text.java.search.declarations.in.workspace"
"Edit","Next Sibling","⇧⌘↓","Editing in Structured Text Editors","org.eclipse.wst.xml.ui.nextSibling"
"Edit","Select Previous Element","⌃⇧↖","Editing Java Source","org.eclipse.jdt.ui.edit.text.java.select.previous"
"Run/Debug","Use Step Filters","⇧F5","In Windows","org.eclipse.debug.ui.commands.ToggleStepFilters"
"Run/Debug","Step Return","F7","Debugging","org.eclipse.debug.ui.commands.StepReturn"
"Window","Switch to Editor","⇧⌘E","In Windows","org.eclipse.ui.window.switchToEditor"
"Text Editing","Reset Structure","⇧⌘Numpad_Multiply","Editing Text","org.eclipse.ui.edit.text.folding.restore"
"Edit","Toggle Insert Mode","⇧⌘Insert","Editing Text","org.eclipse.ui.edit.text.toggleInsertMode"
"Source","Toggle Comment","⌘/","Editing Java Source","org.eclipse.jdt.ui.edit.text.java.toggle.comment"
"Run/Debug","Debug Ant Build","⌃⌥⌘D Q","In Windows","org.eclipse.ant.ui.antShortcut.debug"
"Text Editing","Line End","⌘→","Editing Text","org.eclipse.ui.edit.text.goto.lineEnd"
"Text Editing","Line Start","⌘←","Editing Text","org.eclipse.ui.edit.text.goto.lineStart"
"Navigate","Previous Tab","⌃⇞","In Dialogs and Windows","org.eclipse.ui.navigate.previousTab"
"Text Editing","Toggle Folding","⌘Numpad_Divide","Editing Text","org.eclipse.ui.edit.text.folding.toggle"
"Text Editing","Collapse","⌘Numpad_Subtract","Editing Text","org.eclipse.ui.edit.text.folding.collapse"
"Text Editing","Duplicate Lines","⌥⌘↑","Editing Text","org.eclipse.ui.edit.text.copyLineUp"
"Run/Debug","Inspect","⇧⌘I","In Dialogs and Windows","org.eclipse.jdt.debug.ui.commands.Inspect"
"Source","Rename In File","⌥⌘R","Editing Ant Buildfiles","org.eclipse.ant.ui.renameInFile"
"Navigate","Quick Outline","⌘O","WikiText Markup Source Context","org.eclipse.mylyn.wikitext.ui.quickOutlineCommand"
"Search","Show Occurrences in File Quick Menu","⇧⌘U","In Windows","org.eclipse.jdt.ui.edit.text.java.search.occurrences.in.file.quickMenu"
"Task Repositories","Mark Task Incomplete","⌥⇧I","In Tasks View","org.eclipse.mylyn.tasks.ui.command.markTaskIncomplete"
"Search","Find Text in Workspace","⌥⌘G","In Windows","org.eclipse.search.ui.performTextSearchWorkspace"
"Views","Show View","⌥⌘Q Q","In Windows","org.eclipse.ui.views.showView"
"Run/Debug","New Rendering","⌘N","In Memory View","org.eclipse.debug.ui.commands.newRendering"
"Task Repositories","Mark Task Read and Go To Next Unread Task","⌥⇧↓","In Tasks View","org.eclipse.mylyn.tasks.ui.command.markTaskReadGoToNextUnread"
"Text Editing","Copy Lines","⌥⌘↓","Editing Text","org.eclipse.ui.edit.text.copyLineDown"
"Navigate","Open Resource","⇧⌘R","In Windows","org.eclipse.ui.navigate.openResource"
"Text Editing","Move Lines Down","⌥↓","Editing Text","org.eclipse.ui.edit.text.moveLineDown"
"Edit","Redo","⇧⌘Z","In Dialogs and Windows","org.eclipse.ui.edit.redo"
"Text Editing","Select Text Start","⇧↖","Editing Text","org.eclipse.ui.edit.text.select.textStart"
"Text Editing","Select Line Start","⇧⌘←","Editing Text","org.eclipse.ui.edit.text.select.lineStart"
"Text Editing","Previous Word","⌥←","Editing Text","org.eclipse.ui.edit.text.goto.wordPrevious"
"Views","Refresh View (Gradle Tasks)","F5","In Gradle Tasks View","org.eclipse.buildship.ui.commands.refreshtaskview"
"Text Editing","To Lower Case","⇧⌘Y","Editing Text","org.eclipse.ui.edit.text.lowerCase"
"Run/Debug","Coverage Scala Application","⌥⇧E L","In Windows","org.eclipse.eclemma.ui.scalaShortcut.coverage"
"Uncategorized","Copy Commit Id","⌘C","In Git Reflog View","org.eclipse.egit.ui.internal.reflog.CopyCommand"
"Views","Show View (Breakpoints)","⌥⌘Q B","In Windows","org.eclipse.ui.views.showView"
"Text Editing","Next Word","⌥→","Editing Text","org.eclipse.ui.edit.text.goto.wordNext"
"Navigate","Open Type","⇧⌘T","In Windows","org.eclipse.jdt.ui.navigate.open.type"
"Source","Quick Assist - Rename in file","⌘2 R","Editing Java Source","org.eclipse.jdt.ui.correction.renameInFile.assist"
"Views","Show View (Error Log)","⌥⌘Q L","In Windows","org.eclipse.ui.views.showView"
"Run/Debug","Go to Address","⌘G","In Table Memory Rendering","org.eclipse.debug.ui.command.gotoaddress"
"Edit","Remove Block Comment","⇧⌘\","Editing in Structured Text Editors","org.eclipse.wst.sse.ui.remove.block.comment"
"Window","Toggle Split Editor (Vertical)","⇧⌘[","In Windows","org.eclipse.ui.window.splitEditor"
"Task Repositories","Mark Task Read","⌥⇧R","In Tasks Editor","org.eclipse.mylyn.tasks.ui.command.markTaskRead"
"Task Repositories","Mark Task Complete","⌥⇧C","In Tasks View","org.eclipse.mylyn.tasks.ui.command.markTaskComplete"
"File","Save All","⇧⌘S","In Windows","org.eclipse.ui.file.saveAll"
"Window","Next View","⌘F7","In Windows","org.eclipse.ui.window.nextView"
"Refactor - Java","Extract Method","⌥⌘M","In Windows","org.eclipse.jdt.ui.edit.text.java.extract.method"
"Edit","Format Active Elements","⌘I","Editing in Structured Text Editors","org.eclipse.wst.sse.ui.format.active.elements"
"Navigate","Go to Line","⌘L","Editing Text","org.eclipse.ui.edit.text.goto.line"
"Views","Show View (Problems)","⌥⌘Q X","In Windows","org.eclipse.ui.views.showView"
"File","Close","⌘W","In Windows","org.eclipse.ui.file.close"
"Text Editing","Move Lines Up","⌥↑","Editing Text","org.eclipse.ui.edit.text.moveLineUp"
"Run/Debug","Display","⇧⌘D","In Dialogs and Windows","org.eclipse.jdt.debug.ui.commands.Display"
"Window","Show System Menu","⇧⌘F10","In Windows","org.eclipse.ui.window.showSystemMenu"
"Views","Show View (Synchronize)","⌥⌘Q Y","In Windows","org.eclipse.ui.views.showView"
"Edit","Add Maven Plugin","⌃⇧P","Editing XML Source","org.eclipse.m2e.core.ui.command.addPlugin"
"Source","Add Javadoc Comment","⌥⌘J","In Windows","org.eclipse.jdt.ui.edit.text.java.add.javadoc.comment"
"Navigate","Go to Previous Member","⌃⌥↑","Editing Java Source","org.eclipse.jdt.ui.edit.text.java.goto.previous.member"
"Source","Toggle Comment","⇧⌘C","Editing Properties Files","org.eclipse.jdt.ui.edit.text.java.toggle.comment"
"Navigate","Deactivate Task","⇧⌘F9","In Windows","org.eclipse.mylyn.tasks.ui.command.deactivateAllTasks"
"Navigate","Open Type in Hierarchy","⇧⌘H","In Windows","org.eclipse.jdt.ui.navigate.open.type.in.hierarchy"
"Window","Previous Perspective","⇧⌘F8","In Windows","org.eclipse.ui.window.previousPerspective"
"Window","Maximize Active View or Editor","⌃M","In Windows","org.eclipse.ui.window.maximizePart"
"Edit","Add Block Comment","⇧⌘/","Editing in Structured Text Editors","org.eclipse.wst.sse.ui.add.block.comment"
"Navigate","Go To Next Unread Task","⌥↓","In Tasks View","org.eclipse.mylyn.tasks.ui.command.goToNextUnread"
"Navigate","Show In Breadcrumb","⌥⌘B","Editor Breadcrumb Navigation","org.eclipse.jdt.ui.edit.text.java.gotoBreadcrumb"
"Edit","Delete","⌦","In Windows","org.eclipse.ui.edit.delete"
"Source","Remove Occurrence Annotations","⌥⌘U","Editing Java Source","org.eclipse.jdt.ui.edit.text.remove.occurrence.annotations"
"Task Repositories","Mark Task Incomplete","⌥⇧I","In Tasks Editor","org.eclipse.mylyn.tasks.ui.command.markTaskIncomplete"
"View","Zoom In","⌘=","In Windows","org.eclipse.gef.zoom_in"
"Run/Debug","Run Maven Build","⌥⇧X M","In Windows","org.eclipse.m2e.core.pomFileAction.run"
"Text Editing","Select Line End","⇧⌘→","Editing Text","org.eclipse.ui.edit.text.select.lineEnd"
"Edit","Paste","⌘V","In Dialogs and Windows","org.eclipse.ui.edit.paste"
"Edit","Context Information","⌃⇧Space","In Dialogs and Windows","org.eclipse.ui.edit.text.contentAssist.contextInformation"
"Edit","Occurrences in File","⇧⌘A","Editing in Structured Text Editors","org.eclipse.wst.sse.ui.search.find.occurrences"
"Text Editing","Select Previous Word","⌥⇧←","Editing Text","org.eclipse.ui.edit.text.select.wordPrevious"
"Source","Surround With Quick Menu","⌥⌘Z","In Windows","org.eclipse.jdt.ui.edit.text.java.surround.with.quickMenu"
"Edit","Restore Last Selection","⌃⇧⇟","Editing Java Source","org.eclipse.jdt.ui.edit.text.java.select.last"
"Run/Debug","Debug Java Application","⌃⌥⌘D J","In Windows","org.eclipse.jdt.debug.ui.localJavaShortcut.debug"
"Run/Debug","Step Over","F6","Debugging","org.eclipse.debug.ui.commands.StepOver"
"Run/Debug","Coverage","⌃⇧F11","In Windows","org.eclipse.eclemma.ui.commands.CoverageLast"
"Window","Quick Switch Editor","⌘E","In Windows","org.eclipse.ui.window.openEditorDropDown"
"Text Editing","Zoom In","⌘+","Editing Text","org.eclipse.ui.edit.text.zoomIn"
"Task Editor","Maximize Part","⇧⌘M","In Tasks Editor","org.eclipse.mylyn.tasks.ui.command.maximizePart"
"Focused UI","Make Landmark","⌥⇧⌘↑","In Windows","org.eclipse.mylyn.context.ui.commands.interest.increment"
"Navigate","Quick Hierarchy","⌘T","Editing Java Source","org.eclipse.jdt.ui.edit.text.java.open.hierarchy"
"Focused UI","Make Less Interesting","⌥⇧⌘↓","In Windows","org.eclipse.mylyn.context.ui.commands.interest.decrement"
"File","Rename","F2","In Windows","org.eclipse.ui.edit.rename"
"Run/Debug","Skip All Breakpoints","⌃⌥B","In Windows","org.eclipse.debug.ui.commands.SkipAllBreakpoints"
"Window","Show View Menu","⌘F10","In Dialogs and Windows","org.eclipse.ui.window.showViewMenu"
